Titles,Dates
"בורסת ת""א קפצה ב-2%, הבנקים והנדל""ן זינקו, נפילה בתשואות האג""ח",לפני יומיים (2)
"אזעקות בתל אביב וגוש דן, דיווח על נפילה",לפני יומיים (2)
הירי לגוש דן: צעיר בן 20 נפצע באורח קשה מפגיעת רסיסים ביפו,לפני יומיים (2)
"נפילה באשדוד, ללא נפגעים",28 באוק׳
נפילה בבאר שבע,28 באוק׳
נפילה באשדוד,31 באוק׳
"דיווח ראשוני: נפילה בשטח פתוח בראשל""צ, במשטרה סורקים אחר זירות נוספות",לפני 11 ימים
"המטח למרכז: המשטרה מטפלת בזירת נפילה בראשל""צ",29 באוק׳
"שוטרי מחוז מרכז מטפלים כעת בזירת נפילה של רסיס רקטה באזור ראשל״צ,ללא ...",לפני 6 ימים
"דיווח על פגיעה ישירה בבניין בקריית שמונה, צוותי מד""א לא איתרו זירת נפילה",לפני 6 ימים
"המטח למרכז: נפילה בשטח פתוח בנס ציונה, רסיסים פגעו בדירה",לפני 12 ימים
"עליות חדות בוול סטריט לאחר נתוני האינפלציה - נפילה חופשית בתשואות האג""ח",לפני יומיים (2)
האזעקות בבאר שבע: דיווח על נפילה,28 באוק׳
שני פצועים באשקלון בעקבות נפילות בשטח העיר,לפני יומיים (2)
"המטח לגוש דן ולשרון: נפילה בים בת""א",31 באוק׳
"המשטרה מטפלת בכמה זירות נפילה של פריטי רקטה בקריית שמונה, אין נפגעים",לפני 11 ימים
"3 זירות נפילה באשקלון, נזק כבד מפגיעה ישירה בבניין מגורים",27 באוק׳
"נפילה אותרה בשטח גן ילדים בשדרות, לא היו נפגעים",לפני 13 ימים
"פגיעה ישירה בבאר שבע, נפילה בערערה שבנגב: ""אנחנו שטח פתוח? זו שערורייה""",28 באוק׳
"אותרה נפילה בשטח ציבורי בשדרות, אין נפגעים בגוף",לפני 12 ימים
צפו: נפילה בראשון לציון,לפני 11 ימים
נפילה של 44% ברווחי טסלה; מכירות סייבר-טראק יחלו בסוף נובמבר,18 באוק׳
"המטח למרכז: נפילה בנס ציונה ורסיסים אותרו בראשל""צ - אין נפגעים",לפני 12 ימים
האזעקות סמוך לדימונה: נפילה בשטח פתוח בפזורה הבדואית,28 באוק׳
"שתי זירות נפילה בחולון במטח ירי הרקטות האחרון: ""זה נפל ממש לידינו""",24 באוק׳
"כאוס בארצנו: פצוע קשה בפיגוע בירושלים, נפילה בחצר מפעל באשקלון",30 באוק׳
אזרח נהרג בתקיפת חיזבאללה בגבול לבנון; רקטות התפוצצו בקריית שמונה,לפני 11 ימים
האזעקות בגליל העליון: זוהתה נפילה בשטח פתוח,29 באוק׳
הירי לאילת: נפילה בשטח פתוח מחוץ לעיר,25 באוק׳
"נפילה סמוך לנהריה, אין נפגעים",19 באוק׳
"נפילה ישירה בבניין מגורים בפתח תקווה, נזק כבד נגרם למקום; טרם ברור האם ...",26 באוק׳
מטח שני לעבר גוש דן: נפילה בחולון,31 באוק׳
"הירי האחרון לשדרות: אותרה נפילה בשטח ציבורי בעיר, אין נפגעים",לפני 12 ימים
חובת שימוש בציוד להגנה מפני נפילה בעת ביצוע סימון גגות,23 באוק׳
"בית בגוש דן ספג פגיעה ישירה ונחרב, פצועים מרקטה בקריית שמונה | תיעוד רגע ...",לפני 14 ימים
"אותרה נפילה בקריית אונו, טרם ברור האם יש נפגעים",28 באוק׳
"האזעקות בגליל המערבי: זוהתה נפילה בשטח פתוח, לא ידוע על נזק או נפגעים",19 באוק׳
"נפילה בראשל""צ, צה""ל יירט טיל ששוגר מלבנון לעבר כטב""מ ישראלי",25 באוק׳
ג'יי.פי מורגן צופה נפילה של 11% בתוצר של ישראל ברבעון הרביעי,27 באוק׳
"תושב ערערה בנגב: ""הייתה נפילה 50 מטר מבתים, אם הוגדרנו שטח פתוח זו ...",28 באוק׳
"פגיעה ישירה בבניין בנתיבות, אין נפגעים",30 באוק׳
הירי לשדרות: אותרה נפילה בשטח ציבורי בעיר - אין נפגעים,לפני 12 ימים
"הניסיון להתיר איסורי נדה במלחמה, הוא נפילה לפוסט מודרניזם",24 באוק׳
"22:03 - אזעקות באשדוד, נפילה אחת בעיר; 4 נפגעי חרדה -",29 באוק׳
חרבות ברזל - עדכונים שוטפים: היום ה-23 למלחמה: נפילה בראשל״צ ובבית ...,29 באוק׳
''עוד נפילה בזירה המקומית וברק בכר עשוי להיות מפוטר'',23 באוק׳
"אותרה נפילה בשטח ציבורי בשדרות לאחר שהושמעה אזעקה, לא היו נפגעים",לפני 12 ימים
"3 יירוטים במטח לגוש דן, נפילה בשטח פתוח",21 באוק׳
"היום ה-30 למלחמה: רסיס של מיירט נפל סמוך לביה""ח אסף הרופא; ארה""ב שלחה צוללת גרעינית למזרח התיכון",לפני 12 ימים
דיווח על נפילה בתוך אחד מקיבוצי העוטף. יש נזק לבית ורכבים במקום.,לפני 3 ימים
תפוקת היין העולמית בשפל של 62 שנה; איטליה איבדה את הבכורה,לפני 22 שעות
הוא היה בית ההשקעות הגדול בישראל. כך הוא איבד 80% משוויו,לפני 11 ימים
"הבית הלבן: ""יש לנו מידע שחמאס משתמש בבתי החולים בעזה, גם להחזקת ...",לפני יומיים (2)
רשתות האופנה ספגו את הפגיעה הכלכלית הגדולה ביותר מהמלחמה - הקריסות ...,אתמול
חרבות ברזל - היום ה-32: לחצו כאן לכל העדכונים ושידור חי,לפני 9 ימים
"רסיס נפל בפ""ת; מד""א: ""נכון לכרגע אין דיווחים על נפגעים""",לפני 11 ימים
"בפעם השנייה בפחות משעה - אזעקות צבע אדום בגוש דן ובשפלה; נפילות במוקדים שונים - צפו בתיעוד מסביון, דיווח על שריפה גם ביהוד הסמוכה",לפני 10 ימים
"מד""א: צוותים יצאו לסרוק זירות שבהן דווח על נפילות מהמטח האחרון למרכז",27 באוק׳
"אוקטובר בבורסת ת""א: מלחמה בדרום, נפילה במניות וזינוק בדולר | investing ...",31 באוק׳
"כטב""מים מתימן פגעו בטאבה ונואיבה. דובר צה""ל: ""זיהינו איום, הוזנקו מטוסים""",27 באוק׳
"מפקדה ונשק: הממצאים משיפא. צה""ל לתושבי דרום הרצועה: ""התפנו"" | חדשות 13",לפני 21 שעות
הנהירה נמשכת: הערכה ש-50 אלף עזתים ירדו רק היום לדרום הרצועה,לפני 6 ימים
"צה""ל ל-CNN: לא תקפנו בבית החולים שיפא, זה שיגור פלסטיני כושל",לפני 6 ימים
"חבלנים במשטרה: ""סורבנו להשתתף בלחימה. מייסר""",לפני יומיים (2)
פעילות משטרת ישראל במהלך המלחמה | משטרת ישראל,לפני 9 ימים
"וול סטריט ננעלה בעליות חדות: נאסד""ק זינק ב-2.4%, S&P 500 עלה ב-1.9%",לפני יומיים (2)
"דיווח על נפילות באשקלון, לא ידוע על נפגעים",20 באוק׳
"3 זירות נפילה באשקלון, אין נפגעים",27 באוק׳
דיווחים ראשוניים על נפילה בקרית שמונה,19 באוק׳
"השיגורים לאשדוד: בן 50 נפצע קשה מפגיעת רסיסים בגופו, 3 נוספים במצב קל",31 באוק׳
"מטח חזק מאד לערים באזור המרכז, ארבעה פצועים בת""א",27 באוק׳
"נתניהו שוחח עם נשיאת הצלב האדום על גורל החטופים; צוללת נוספת של ארה""ב ...",לפני 11 ימים
"פעילות קרקעית בעזה, נפילות במרכז ופגישות עם נציגי משפחות החטופים: סיכום ...",28 באוק׳
כיפת ברזל מפשלת? פגיעות ישירות רבות במספר בתים,28 באוק׳
"נפילות בנתיבות ובשטח פתוח, אין נפגעים",19 באוק׳
ההיסטוריה מלמדת: זה מה שקורה בבורסה לאחר יום של ירידות חדות,29 באוק׳
הצפון תחת אש: נפילות בקריית שמונה ומטולה,18 באוק׳
תענית לפני חתונה על נפילה לפניה | שאל את הרב,לפני 13 ימים
"המשטרה דיווחה על נפילת ""פריט רקטה"" בראשון לציון: ""נגרם נזק לרכוש""",לפני 14 ימים
"חמאס ""שיגר 30 רקטות מלבנון""; פצועים בנפילה בקריית שמונה: ""אבא נפל ...",19 באוק׳
"צה""ל ושב""כ חיסלו פעיל בכוח המיוחד של הזרוע הימית של ארגון חמאס | עדכונים ...",19 באוק׳
אחרי שיגור הרקטות מלבנון: שלוש נפילות בקריית שמונה | צפו,29 באוק׳
האזעקות נמשכות | פצועים בעקבות פגיעה ישירה באלפי מנשה,24 באוק׳
"דובר זק""א מוטי בוקצ'ין לאחר ההתמוטטות: ""היתה לי נפילה קטנה"" | צפו",24 באוק׳
מטח רקטות לגוש דן: נפילה ישירה בבניין בראשון לציון,26 באוק׳
דיווח ראשוני: נפילות בקריית שמונה,19 באוק׳
מה קורה עכשיו בעזה | היום ה-39,לפני יומיים (2)
גארת' בייל: ''עצה לג'וד בלינגהאם? תהיה בובה של התקשורת'',אתמול
הנפילה של מניית סולאראדג': חברה טובה שהמשקיעים עשו שתי טעויות לגביה,לפני 11 ימים
"2 זירות נפילה, בראשון לציון‏ ובכפר סירקין.‏ כוחות בדרך.",25 באוק׳
ירי בוצע לעבר גזרת החרמון - לפחות שבעה הדי פיצוץ נשמעו באזור | עדכונים ...,27 באוק׳
"נתניהו במסיבת עיתונאים: ""מחדל נורא, לא תישאר אבן שלא תיבדק""",28 באוק׳
מלחמת חרבות ברזל: תושב אשקלון חושף את התחושות הקשות,21 באוק׳
"חרבות ברזל, היום ה-20: צה""ל חיסל בכירים בחמאס, נפילה במרכז",26 באוק׳
"N12 - ""הבית שלנו מלכודת מוות"": הבעיה הקשה בדרום תל אביב",לפני 10 ימים
"אזעקות נשמעו באזור אשדוד ואשקלון, דיווח על נפילה באשדוד",28 באוק׳
וול סטריט נסוגה משיא של חודשיים; הנפט צונח ב-4%,לפני שעה
"רקטות שוגרו מסוריה ונפלו בגולן; ביידן לנשיא מצרים: ""נבטיח שתושבי עזה לא ...",29 באוק׳
"אזעקות בעוטף עזה, בגוש דן והשפלה; נפילות בראשון לציון ושדרות | צה""ל פועל ברצועה",30 באוק׳
"בן גביר מזירת הנפילה באשדוד: ""תעבירו את העזתים לסקוטלנד""",31 באוק׳
